,participant_num,Age,Weight,Height,BMI,VO2max,Caffeine_use,sex,Experiment,Intervention,saccade_type,EM_change
0,1.0,25,59.399999999999785,1.6829999999999972,20.970955230000047,42.0,1,1,crave,Caffeine,Antisaccade,1
1,1.0,25,59.399999999999785,1.682999999999997,20.97095523000005,42.0,1,1,crave,Caffeine,Prosaccade,1
2,1.0,25,59.399999999999785,1.6829999999999972,20.970955230000047,42.0,1,1,crave,Placebo,Antisaccade,0
3,1.0,25,59.39999999999979,1.6829999999999974,20.970955230000047,42.0,1,1,crave,Placebo,Prosaccade,0
4,2.0,24,64.64999999999978,1.6860000000000002,22.74329520999992,56.0,1,1,crave,Caffeine,Prosaccade,0
5,2.0,24,64.64999999999979,1.6860000000000008,22.743295209999925,56.0,1,1,crave,Caffeine,Antisaccade,1
6,2.0,24,64.64999999999978,1.6860000000000004,22.74329520999992,56.0,1,1,crave,Placebo,Antisaccade,0
7,2.0,24,64.64999999999978,1.6859999999999988,22.743295209999914,56.0,1,1,crave,Placebo,Prosaccade,0
8,3.0,26,63.5,1.654999999999997,23.183432060000058,62.0,1,1,crave,Caffeine,Antisaccade,0
9,3.0,26,63.5,1.6549999999999951,23.183432060000058,62.0,1,1,crave,Caffeine,Prosaccade,0
10,3.0,26,63.5,1.6549999999999985,23.183432060000058,62.0,1,1,crave,Placebo,Antisaccade,1
11,3.0,26,63.5,1.6549999999999967,23.183432060000058,62.0,1,1,crave,Placebo,Prosaccade,1
12,4.0,20,97.89999999999993,1.9680000000000026,25.27740598,54.0,0,0,crave,Caffeine,Antisaccade,0
13,4.0,20,97.8999999999999,1.9680000000000024,25.277405979999994,54.0,0,0,crave,Caffeine,Prosaccade,0
14,4.0,20,97.89999999999984,1.9680000000000017,25.277405979999976,54.0,0,0,crave,Placebo,Antisaccade,0
15,4.0,20,97.89999999999995,1.9680000000000029,25.277405980000005,54.0,0,0,crave,Placebo,Prosaccade,0
16,5.0,24,81.75,1.8389999999999989,24.17265217000011,,1,0,crave,Caffeine,Antisaccade,0
17,5.0,24,81.75,1.838999999999999,24.172652170000106,,1,0,crave,Caffeine,Prosaccade,0
18,5.0,24,81.75,1.838999999999999,24.172652170000088,,1,0,crave,Placebo,Antisaccade,0
19,5.0,24,81.75,1.838999999999999,24.172652170000084,,1,0,crave,Placebo,Prosaccade,0
20,6.0,20,77.5,1.8020000000000027,23.866686540000035,63.0,1,0,crave,Caffeine,Prosaccade,0
21,6.0,20,77.5,1.802000000000003,23.866686540000035,63.0,1,0,crave,Caffeine,Antisaccade,1
22,6.0,20,77.5,1.8020000000000027,23.866686540000035,63.0,1,0,crave,Placebo,Antisaccade,0
23,6.0,20,77.5,1.8020000000000123,23.866686539999964,63.0,1,0,crave,Placebo,Prosaccade,1
24,7.0,22,73.85000000000022,1.6349999999999962,27.62580777999997,59.0,0,0,crave,Caffeine,Antisaccade,0
25,7.0,22,73.85000000000024,1.6349999999999958,27.625807779999995,59.0,0,0,crave,Caffeine,Prosaccade,0
26,7.0,22,73.85000000000022,1.6349999999999962,27.625807779999974,59.0,0,0,crave,Placebo,Antisaccade,0
27,7.0,22,73.85000000000018,1.6349999999999978,27.62580777999994,59.0,0,0,crave,Placebo,Prosaccade,1
28,8.0,24,66.79999999999987,1.7740000000000007,21.226052370000062,66.79999999999987,1,1,crave,Caffeine,Antisaccade,0
29,8.0,24,66.79999999999993,1.7740000000000005,21.22605237000005,66.79999999999993,1,1,crave,Caffeine,Prosaccade,0
30,8.0,24,66.79999999999994,1.7740000000000005,21.22605237000005,66.79999999999994,1,1,crave,Placebo,Antisaccade,0
31,8.0,24,66.79999999999997,1.7740000000000005,21.226052370000044,66.79999999999997,1,1,crave,Placebo,Prosaccade,0
32,9.0,24,60.5,1.6499999999999981,22.22222221999992,49.0,0,1,crave,Caffeine,Antisaccade,1
33,9.0,24,60.5,1.6499999999999981,22.22222221999992,49.0,0,1,crave,Caffeine,Prosaccade,1
34,9.0,24,60.5,1.6499999999999984,22.222222219999924,49.0,0,1,crave,Placebo,Prosaccade,0
35,9.0,24,60.5,1.6499999999999988,22.222222219999924,49.0,0,1,crave,Placebo,Antisaccade,1
36,10.0,25,63.29999999999984,1.669999999999999,22.697120729999956,55.0,1,1,crave,Caffeine,Antisaccade,0
37,10.0,25,63.299999999999834,1.6699999999999993,22.697120729999963,55.0,1,1,crave,Caffeine,Prosaccade,0
38,10.0,25,63.29999999999984,1.669999999999999,22.697120729999956,55.0,1,1,crave,Placebo,Prosaccade,0
39,10.0,25,63.29999999999984,1.669999999999999,22.69712072999996,55.0,1,1,crave,Placebo,Antisaccade,1
40,11.0,20,62.5,1.879999999999997,17.683340880000003,53.0,1,0,crave,Caffeine,Antisaccade,0
41,11.0,20,62.5,1.8799999999999968,17.683340879999953,53.0,1,0,crave,Caffeine,Prosaccade,0
42,11.0,20,62.5,1.8799999999999968,17.68334087999996,53.0,1,0,crave,Placebo,Antisaccade,0
43,11.0,20,62.5,1.8799999999999968,17.683340879999953,53.0,1,0,crave,Placebo,Prosaccade,0
44,12.0,21,103.29999999999964,1.8620000000000032,29.7948338699999,55.0,0,0,crave,Caffeine,Antisaccade,0
45,12.0,21,103.29999999999964,1.8620000000000032,29.7948338699999,55.0,0,0,crave,Caffeine,Prosaccade,0
46,12.0,21,103.29999999999964,1.8620000000000032,29.7948338699999,55.0,0,0,crave,Placebo,Antisaccade,0
47,12.0,21,103.29999999999964,1.8620000000000034,29.7948338699999,55.0,0,0,crave,Placebo,Prosaccade,0
48,13.0,21,55.79999999999991,1.677999999999998,19.817564760000067,55.79999999999991,0,1,crave,Caffeine,Antisaccade,0
49,13.0,21,55.79999999999991,1.677999999999998,19.817564760000067,55.79999999999991,0,1,crave,Caffeine,Prosaccade,0
50,13.0,21,55.799999999999926,1.677999999999998,19.817564760000067,55.799999999999926,0,1,crave,Placebo,Antisaccade,0
51,13.0,21,55.79999999999991,1.677999999999998,19.817564760000067,55.79999999999991,0,1,crave,Placebo,Prosaccade,1
52,14.0,21,56.1000000000002,1.7149999999999972,19.07368528000004,54.819964349999964,1,1,feeble,Bupropion,Antisaccade,0
53,14.0,21,56.10000000000021,1.7149999999999963,19.07368528000004,54.819964349999935,1,1,feeble,Bupropion,Prosaccade,0
54,14.0,21,56.1000000000002,1.7149999999999972,19.07368528000004,54.819964349999964,1,1,feeble,Caffeine,Prosaccade,0
55,14.0,21,56.1000000000002,1.7149999999999967,19.07368528000004,54.81996434999995,1,1,feeble,Caffeine,Antisaccade,1
56,14.0,21,56.1000000000002,1.7149999999999965,19.07368528000004,54.81996434999994,1,1,feeble,Placebo,Antisaccade,0
57,14.0,21,56.10000000000021,1.7149999999999963,19.07368528000004,54.819964349999935,1,1,feeble,Placebo,Prosaccade,1
58,15.0,24,64.6499999999998,1.680000000000005,22.90603740999996,55.638051040000114,1,1,feeble,Bupropion,Antisaccade,0
59,15.0,24,64.64999999999978,1.6800000000000053,22.906037409999964,55.63805104000001,1,1,feeble,Bupropion,Prosaccade,0
60,15.0,24,64.64999999999979,1.6800000000000053,22.906037409999964,55.63805104000004,1,1,feeble,Caffeine,Antisaccade,0
61,15.0,24,64.64999999999978,1.6800000000000053,22.906037409999964,55.63805104000001,1,1,feeble,Caffeine,Prosaccade,0
62,15.0,24,64.6499999999998,1.680000000000005,22.90603740999996,55.63805104000011,1,1,feeble,Placebo,Antisaccade,0
63,15.0,24,64.64999999999978,1.6800000000000053,22.906037409999964,55.63805104000002,1,1,feeble,Placebo,Prosaccade,0
64,16.0,20,78.2000000000002,1.7340000000000004,26.008096429999984,51.534526849999835,1,1,feeble,Bupropion,Prosaccade,0
65,16.0,20,78.20000000000017,1.7340000000000015,26.008096430000005,51.5345268499998,1,1,feeble,Bupropion,Antisaccade,1
66,16.0,20,78.2000000000002,1.7340000000000007,26.008096429999988,51.53452684999983,1,1,feeble,Caffeine,Antisaccade,0
67,16.0,20,78.20000000000006,1.7340000000000029,26.00809643000002,51.53452684999983,1,1,feeble,Caffeine,Prosaccade,0
68,16.0,20,78.2000000000002,1.7340000000000007,26.00809642999999,51.53452684999983,1,1,feeble,Placebo,Antisaccade,1
69,16.0,20,78.20000000000024,1.7339999999999987,26.00809642999995,51.53452684999989,1,1,feeble,Placebo,Prosaccade,1
70,17.0,20,96.45000000000033,1.8849999999999951,27.14435477999997,50.855365470000045,1,0,feeble,Bupropion,Antisaccade,1
71,17.0,20,96.45000000000034,1.8849999999999951,27.14435477999997,50.855365470000066,1,0,feeble,Bupropion,Prosaccade,1
72,17.0,20,96.45000000000033,1.8849999999999951,27.14435477999997,50.855365470000045,1,0,feeble,Caffeine,Antisaccade,0
73,17.0,20,96.45000000000036,1.884999999999995,27.14435477999997,50.855365470000095,1,0,feeble,Caffeine,Prosaccade,0
74,17.0,20,96.45000000000032,1.8849999999999953,27.14435477999997,50.855365470000024,1,0,feeble,Placebo,Antisaccade,0
75,17.0,20,96.45000000000034,1.8849999999999951,27.14435477999997,50.85536547000006,1,0,feeble,Placebo,Prosaccade,0
76,18.0,20,97.89999999999986,1.968000000000002,25.277405979999983,46.496424920000145,0,0,feeble,Bupropion,Antisaccade,0
77,18.0,20,97.89999999999986,1.968000000000002,25.277405979999987,46.49642492000015,0,0,feeble,Bupropion,Prosaccade,0
78,18.0,20,97.89999999999976,1.9679999999999986,25.277405979999944,46.49642492000014,0,0,feeble,Caffeine,Antisaccade,0
79,18.0,20,97.89999999999975,1.9680000000000004,25.277405979999948,46.496424920000145,0,0,feeble,Caffeine,Prosaccade,0
80,18.0,20,97.89999999999998,1.968000000000003,25.27740598000001,46.49642492000015,0,0,feeble,Placebo,Antisaccade,0
81,18.0,20,97.89999999999993,1.9680000000000026,25.27740598,46.49642492000015,0,0,feeble,Placebo,Prosaccade,0
82,19.0,20,77.5,1.802000000000004,23.866686540000035,63.22580645000013,1,0,feeble,Bupropion,Prosaccade,0
83,19.0,20,77.5,1.8020000000000038,23.866686540000035,63.22580645000013,1,0,feeble,Bupropion,Antisaccade,1
84,19.0,20,77.5,1.8020000000000036,23.866686540000035,63.22580645000013,1,0,feeble,Caffeine,Antisaccade,0
85,19.0,20,77.5,1.8020000000000032,23.866686540000035,63.22580645000012,1,0,feeble,Caffeine,Prosaccade,0
86,19.0,20,77.5,1.8020000000000038,23.866686540000035,63.22580645000013,1,0,feeble,Placebo,Antisaccade,0
87,19.0,20,77.5,1.8020000000000032,23.866686540000035,63.22580645000012,1,0,feeble,Placebo,Prosaccade,0
88,20.0,22,89.10000000000025,1.874000000000002,25.371055239999905,71.13355779999986,0,0,feeble,Bupropion,Antisaccade,0
89,20.0,22,89.10000000000025,1.8740000000000037,25.371055239999897,71.13355779999986,0,0,feeble,Bupropion,Prosaccade,0
90,20.0,22,89.10000000000024,1.8740000000000012,25.37105523999991,71.13355779999986,0,0,feeble,Caffeine,Antisaccade,0
91,20.0,22,89.10000000000025,1.8740000000000037,25.371055239999897,71.13355779999986,0,0,feeble,Caffeine,Prosaccade,0
92,20.0,22,89.10000000000025,1.8740000000000034,25.3710552399999,71.13355779999986,0,0,feeble,Placebo,Antisaccade,0
93,20.0,22,89.1000000000002,1.874000000000004,25.371055239999897,71.13355779999986,0,0,feeble,Placebo,Prosaccade,0
94,21.0,48,56.94999999999988,1.587999999999996,22.583577079999973,51.59964880999997,1,1,feeble,Bupropion,Antisaccade,1
95,21.0,48,56.94999999999988,1.587999999999996,22.583577079999973,51.59964880999997,1,1,feeble,Bupropion,Prosaccade,1
96,21.0,48,56.95000000000004,1.5879999999999979,22.583577079999966,51.59964881000006,1,1,feeble,Caffeine,Antisaccade,0
97,21.0,48,56.94999999999995,1.5879999999999956,22.583577079999966,51.59964880999997,1,1,feeble,Caffeine,Prosaccade,0
98,21.0,48,56.9499999999999,1.5879999999999959,22.58357707999997,51.59964880999997,1,1,feeble,Placebo,Antisaccade,1
99,21.0,48,56.94999999999989,1.5879999999999965,22.583577079999976,51.59964880999997,1,1,feeble,Placebo,Prosaccade,1
100,22.0,23,82.04999999999991,1.7740000000000007,26.071820319999947,55.18586228000003,1,0,feeble,Bupropion,Prosaccade,0
101,22.0,23,82.05000000000004,1.7740000000000007,26.07182031999995,55.18586228000003,1,0,feeble,Bupropion,Antisaccade,1
102,22.0,23,82.05000000000011,1.7740000000000007,26.071820319999954,55.18586228000003,1,0,feeble,Caffeine,Antisaccade,0
103,22.0,23,82.04999999999995,1.7740000000000007,26.071820319999947,55.18586228000003,1,0,feeble,Caffeine,Prosaccade,0
104,22.0,23,82.04999999999988,1.7740000000000007,26.071820319999944,55.18586228000003,1,0,feeble,Placebo,Antisaccade,0
105,22.0,23,82.04999999999991,1.7740000000000007,26.071820319999947,55.18586228000003,1,0,feeble,Placebo,Prosaccade,1
106,23.0,40,76.25,1.785000000000001,23.93114108000006,58.518032789999836,1,1,feeble,Bupropion,Antisaccade,0
107,23.0,40,76.25,1.7850000000000037,23.931141080000064,58.51803278999983,1,1,feeble,Bupropion,Prosaccade,1
108,23.0,40,76.25,1.7850000000000021,23.931141080000064,58.51803278999983,1,1,feeble,Caffeine,Antisaccade,0
109,23.0,40,76.25,1.7850000000000046,23.931141080000067,58.51803278999982,1,1,feeble,Caffeine,Prosaccade,0
110,23.0,40,76.25,1.7849999999999984,23.93114108000006,58.518032789999836,1,1,feeble,Placebo,Antisaccade,0
111,23.0,40,76.25,1.7850000000000033,23.931141080000064,58.51803278999983,1,1,feeble,Placebo,Prosaccade,1
112,24.0,21,55.799999999999976,1.677999999999998,19.817564760000064,55.31899641999991,0,1,feeble,Bupropion,Antisaccade,1
113,24.0,21,55.8,1.677999999999998,19.817564760000064,55.318996419999934,0,1,feeble,Bupropion,Prosaccade,1
114,24.0,21,55.799999999999926,1.677999999999998,19.817564760000067,55.318996419999856,0,1,feeble,Caffeine,Antisaccade,0
115,24.0,21,55.799999999999905,1.677999999999998,19.817564760000067,55.318996419999834,0,1,feeble,Caffeine,Prosaccade,0
116,24.0,21,55.79999999999992,1.677999999999998,19.817564760000067,55.31899641999985,0,1,feeble,Placebo,Antisaccade,0
117,24.0,21,55.799999999999976,1.677999999999998,19.817564760000064,55.31899641999991,0,1,feeble,Placebo,Prosaccade,1
118,25.0,21,53.79999999999997,1.5699999999999947,21.826443259999934,53.34572490999996,0,1,feeble,Bupropion,Antisaccade,0
119,25.0,21,53.800000000000026,1.5699999999999947,21.826443259999934,53.345724910000015,0,1,feeble,Bupropion,Prosaccade,0
120,25.0,21,53.80000000000007,1.569999999999995,21.826443259999937,53.34572491000006,0,1,feeble,Caffeine,Antisaccade,0
121,25.0,21,53.79999999999997,1.5699999999999947,21.826443259999934,53.34572490999996,0,1,feeble,Caffeine,Prosaccade,0
122,25.0,21,53.80000000000009,1.569999999999995,21.826443259999937,53.34572491000008,0,1,feeble,Placebo,Prosaccade,0
123,25.0,21,53.8,1.5699999999999947,21.826443259999934,53.34572490999999,0,1,feeble,Placebo,Antisaccade,1
124,26.0,24,66.5,1.6860000000000002,23.39410876999997,52.0,1,1,rave,Methylphenidate,Antisaccade,0
125,26.0,24,66.5,1.6860000000000006,23.394108769999978,52.0,1,1,rave,Methylphenidate,Prosaccade,0
126,26.0,24,66.5,1.686,23.394108769999963,52.0,1,1,rave,Placebo,Prosaccade,0
127,26.0,24,66.5,1.6860000000000004,23.394108769999974,52.0,1,1,rave,Placebo,Antisaccade,1
128,26.0,24,66.5,1.686000000000005,23.39410877,52.0,1,1,rave,Reboxetine,Antisaccade,0
129,26.0,24,66.5,1.6860000000000008,23.394108769999985,52.0,1,1,rave,Reboxetine,Prosaccade,0
130,27.0,27,64.20000000000012,1.6740000000000008,22.909948909999944,63.0,1,1,rave,Methylphenidate,Antisaccade,0
131,27.0,27,64.20000000000014,1.674,22.90994890999994,63.0,1,1,rave,Methylphenidate,Prosaccade,0
132,27.0,27,64.20000000000016,1.6739999999999995,22.90994890999994,63.0,1,1,rave,Placebo,Antisaccade,0
133,27.0,27,64.20000000000016,1.6739999999999993,22.90994890999994,63.0,1,1,rave,Placebo,Prosaccade,0
134,27.0,27,64.20000000000009,1.674000000000002,22.90994890999994,63.0,1,1,rave,Reboxetine,Antisaccade,0
135,27.0,27,64.20000000000014,1.674,22.90994890999994,63.0,1,1,rave,Reboxetine,Prosaccade,0
136,28.0,21,73.40000000000093,1.7980000000000016,22.704747949999817,48.0,0,0,rave,Methylphenidate,Antisaccade,0
137,28.0,21,73.40000000000038,1.7980000000000016,22.704747949999906,48.0,0,0,rave,Methylphenidate,Prosaccade,0
138,28.0,21,73.40000000000089,1.7980000000000014,22.704747949999824,48.0,0,0,rave,Placebo,Antisaccade,0
139,28.0,21,73.40000000000025,1.7980000000000014,22.704747949999927,48.0,0,0,rave,Placebo,Prosaccade,0
140,28.0,21,73.40000000000093,1.7980000000000016,22.704747949999817,48.0,0,0,rave,Reboxetine,Antisaccade,0
141,28.0,21,73.4000000000004,1.7980000000000016,22.704747949999902,48.0,0,0,rave,Reboxetine,Prosaccade,1
142,29.0,20,100.0,1.9680000000000013,25.819617950000044,54.0,0,0,rave,Methylphenidate,Antisaccade,0
143,29.0,20,100.0,1.9680000000000057,25.819617949999706,54.0,0,0,rave,Methylphenidate,Prosaccade,0
144,29.0,20,100.0,1.9679999999999966,25.819617950000012,54.0,0,0,rave,Placebo,Antisaccade,0
145,29.0,20,100.0,1.96800000000001,25.819617949999788,54.0,0,0,rave,Placebo,Prosaccade,1
146,29.0,20,100.0,1.9679999999999949,25.819617949999635,54.0,0,0,rave,Reboxetine,Prosaccade,0
147,29.0,20,100.0,1.9679999999999995,25.81961795000004,54.0,0,0,rave,Reboxetine,Antisaccade,1
148,30.0,23,71.75,1.6300000000000006,27.005156389999904,58.0,0,0,rave,Methylphenidate,Antisaccade,0
149,30.0,23,71.75,1.6299999999999961,27.005156389999843,58.0,0,0,rave,Methylphenidate,Prosaccade,0
150,30.0,23,71.75,1.6299999999999968,27.00515639000003,58.0,0,0,rave,Placebo,Antisaccade,0
151,30.0,23,71.75,1.6299999999999961,27.00515638999987,58.0,0,0,rave,Placebo,Prosaccade,1
152,30.0,23,71.75,1.6299999999999968,27.005156390000007,58.0,0,0,rave,Reboxetine,Antisaccade,0
153,30.0,23,71.75,1.6299999999999961,27.005156389999847,58.0,0,0,rave,Reboxetine,Prosaccade,0
154,31.0,31,69.70000000000014,1.8600000000000079,20.146837780000045,72.0,1,0,rave,Methylphenidate,Antisaccade,0
155,31.0,31,69.70000000000016,1.860000000000008,20.146837780000045,72.0,1,0,rave,Methylphenidate,Prosaccade,0
156,31.0,31,69.7000000000001,1.8600000000000076,20.146837780000034,72.0,1,0,rave,Placebo,Prosaccade,0
157,31.0,31,69.70000000000014,1.860000000000008,20.146837780000045,72.0,1,0,rave,Placebo,Antisaccade,1
158,31.0,31,69.70000000000005,1.860000000000007,20.146837780000023,72.0,1,0,rave,Reboxetine,Antisaccade,0
159,31.0,31,69.70000000000009,1.8600000000000074,20.146837780000034,72.0,1,0,rave,Reboxetine,Prosaccade,0
160,32.0,25,63.299999999999855,1.6699999999999986,22.697120729999952,55.0,1,1,rave,Methylphenidate,Antisaccade,0
161,32.0,25,63.2999999999999,1.6699999999999975,22.69712072999993,55.0,1,1,rave,Methylphenidate,Prosaccade,0
162,32.0,25,63.29999999999984,1.669999999999999,22.69712072999996,55.0,1,1,rave,Placebo,Antisaccade,1
163,32.0,25,63.29999999999984,1.669999999999999,22.69712072999996,55.0,1,1,rave,Placebo,Prosaccade,1
164,32.0,25,63.300000000000466,1.6699999999999957,22.697120729999742,55.0,1,1,rave,Reboxetine,Antisaccade,1
165,32.0,25,63.29999999999997,1.6699999999999953,22.697120729999945,55.0,1,1,rave,Reboxetine,Prosaccade,1
166,33.0,29,50.75,1.5899999999999959,20.07436414999977,61.0,1,1,rave,Methylphenidate,Antisaccade,0
167,33.0,29,50.75,1.5900000000000003,20.07436414999994,61.0,1,1,rave,Methylphenidate,Prosaccade,0
168,33.0,29,50.75,1.5900000000000027,20.074364149999806,61.0,1,1,rave,Placebo,Antisaccade,0
169,33.0,29,50.75,1.5899999999999925,20.07436415000008,61.0,1,1,rave,Placebo,Prosaccade,0
170,33.0,29,50.75,1.589999999999998,20.074364149999933,61.0,1,1,rave,Reboxetine,Antisaccade,1
171,33.0,29,50.75,1.5899999999999979,20.074364149999933,61.0,1,1,rave,Reboxetine,Prosaccade,1
172,34.0,35,81.10000000000025,1.7799999999999938,25.596515590000003,77.0,1,0,rave,Methylphenidate,Antisaccade,0
173,34.0,35,81.09999999999954,1.7799999999999845,25.596515590000074,77.0,1,0,rave,Methylphenidate,Prosaccade,0
174,34.0,35,81.10000000000025,1.7799999999999938,25.596515590000006,77.0,1,0,rave,Placebo,Antisaccade,0
175,34.0,35,81.10000000000025,1.779999999999995,25.59651558999999,77.0,1,0,rave,Placebo,Prosaccade,0
176,34.0,35,81.10000000000024,1.7799999999999965,25.596515589999967,77.0,1,0,rave,Reboxetine,Antisaccade,0
177,34.0,35,81.10000000000022,1.7799999999999987,25.596515589999946,77.0,1,0,rave,Reboxetine,Prosaccade,0
178,35.0,26,69.60000000000018,1.599999999999996,27.1875,40.0,1,1,rave,Methylphenidate,Antisaccade,1
179,35.0,26,69.59999999999975,1.6000000000000099,27.1875,40.0,1,1,rave,Methylphenidate,Prosaccade,1
180,35.0,26,69.59999999999994,1.6000000000000079,27.1875,40.0,1,1,rave,Placebo,Prosaccade,0
181,35.0,26,69.60000000000025,1.600000000000003,27.1875,40.0,1,1,rave,Placebo,Antisaccade,1
182,35.0,26,69.60000000000018,1.599999999999996,27.1875,40.0,1,1,rave,Reboxetine,Antisaccade,1
183,35.0,26,69.6,1.6000000000000072,27.1875,40.0,1,1,rave,Reboxetine,Prosaccade,1
184,36.0,19,66.25,1.650000000000001,24.334251610000056,49.0,0,1,rave,Methylphenidate,Antisaccade,0
185,36.0,19,66.25,1.6500000000000037,24.334251610000045,49.0,0,1,rave,Methylphenidate,Prosaccade,0
186,36.0,19,66.25,1.649999999999999,24.334251610000063,49.0,0,1,rave,Placebo,Antisaccade,1
187,36.0,19,66.25,1.650000000000004,24.33425161000004,49.0,0,1,rave,Placebo,Prosaccade,1
188,36.0,19,66.25,1.6500000000000037,24.33425161000002,49.0,0,1,rave,Reboxetine,Antisaccade,0
189,36.0,19,66.25,1.650000000000003,24.33425160999999,49.0,0,1,rave,Reboxetine,Prosaccade,0
190,37.0,21,64.65000000000023,1.7,22.370242209999795,49.0,0,1,rave,Methylphenidate,Antisaccade,0
191,37.0,21,64.6500000000003,1.7000000000000024,22.370242209999784,49.0,0,1,rave,Methylphenidate,Prosaccade,0
192,37.0,21,64.64999999999978,1.699999999999994,22.370242209999994,49.0,0,1,rave,Placebo,Antisaccade,0
193,37.0,21,64.64999999999978,1.6999999999999937,22.37024220999998,49.0,0,1,rave,Placebo,Prosaccade,1
194,37.0,21,64.65000000000032,1.700000000000003,22.37024220999978,49.0,0,1,rave,Reboxetine,Antisaccade,0
195,37.0,21,64.65000000000033,1.7000000000000035,22.370242209999777,49.0,0,1,rave,Reboxetine,Prosaccade,0
